{
  "hash": "dd10f9be",
  "configHash": "d24f7ee9",
  "lockfileHash": "0dca1120",
  "browserHash": "8d8a8d42",
  "optimized": {
    "@angular/core": {
      "src": "../../../../../../node_modules/@angular/core/fesm2022/core.mjs",
      "file": "@angular_core.js",
      "fileHash": "d9153999",
      "needsInterop": false
    },
    "@angular/platform-browser": {
      "src": "../../../../../../node_modules/@angular/platform-browser/fesm2022/platform-browser.mjs",
      "file": "@angular_platform-browser.js",
      "fileHash": "338f9d45",
      "needsInterop": false
    },
    "@angular/router": {
      "src": "../../../../../../node_modules/@angular/router/fesm2022/router.mjs",
      "file": "@angular_router.js",
      "fileHash": "4e509f87",
      "needsInterop": false
    },
    "zone.js": {
      "src": "../../../../../../node_modules/zone.js/fesm2015/zone.js",
      "file": "zone__js.js",
      "fileHash": "1c25f68b",
      "needsInterop": true
    },
    "@angular/common": {
      "src": "../../../../../../node_modules/@angular/common/fesm2022/common.mjs",
      "file": "@angular_common.js",
      "fileHash": "e6ef8e72",
      "needsInterop": false
    }
  },
  "chunks": {
    "chunk-NRTZ5E4K": {
      "file": "chunk-NRTZ5E4K.js"
    },
    "chunk-KGR4CEBR": {
      "file": "chunk-KGR4CEBR.js"
    },
    "chunk-XYYOH5VJ": {
      "file": "chunk-XYYOH5VJ.js"
    },
    "chunk-WDMUDEB6": {
      "file": "chunk-WDMUDEB6.js"
    }
  }
}